vanquishing,vanquished
Ivan Vanko,vehicle
Ivan Vanko,vehicle
Ivan Vanko,vehicle
Ivan Vanko,vehicle
Tony Stark / Iron Man,Ivan Vanko
Ivan Vanko,guy
Ivan Vanko,guy
Ivan Vanko,guy
Tony Stark / Iron Man,building
James Rhodes / War Machine,building
Tony Stark / Iron Man,building
James Rhodes / War Machine,building
James Rhodes / War Machine,building
Tony Stark / Iron Man,building
Tony Stark / Iron Man,building
Ivan Vanko,building
Ivan Vanko,guy
Ivan Vanko,guy
Tony Stark / Iron Man,vehicle
Tony Stark / Iron Man,vehicle
Tony Stark / Iron Man,vehicle
Tony Stark / Iron Man,vehicle
Natasha Romanoff / Black Widow,guy
Natasha Romanoff / Black Widow,guy
Natasha Romanoff / Black Widow,guy
Natasha Romanoff / Black Widow,guy
Natasha Romanoff / Black Widow,guy
Natasha Romanoff / Black Widow,guy
Natasha Romanoff / Black Widow,guy
Natasha Romanoff / Black Widow,guy
Natasha Romanoff / Black Widow,guy
Natasha Romanoff / Black Widow,guy
Natasha Romanoff / Black Widow,guy
Natasha Romanoff / Black Widow,guy
Happy Hogan,guy
Tony Stark / Iron Man,vehicle
Tony Stark / Iron Man,vehicle
Tony Stark / Iron Man,vehicle
Tony Stark / Iron Man,vehicle
Tony Stark / Iron Man,vehicle
Tony Stark / Iron Man,vehicle
Tony Stark / Iron Man,vehicle
Tony Stark / Iron Man,vehicle
Tony Stark / Iron Man,vehicle
Tony Stark / Iron Man,vehicle
Tony Stark / Iron Man,vehicle
Tony Stark / Iron Man,vehicle
Tony Stark / Iron Man,vehicle
Tony Stark / Iron Man,vehicle
Tony Stark / Iron Man,vehicle
James Rhodes / War Machine,vehicle
Tony Stark / Iron Man,vehicle
Tony Stark / Iron Man,vehicle
Tony Stark / Iron Man,vehicle
Tony Stark / Iron Man,vehicle
Tony Stark / Iron Man,vehicle
Tony Stark / Iron Man,vehicle
Tony Stark / Iron Man,vehicle
Tony Stark / Iron Man,vehicle
James Rhodes / War Machine,vehicle
Tony Stark / Iron Man,vehicle
Tony Stark / Iron Man,vehicle
Tony Stark / Iron Man,vehicle
Tony Stark / Iron Man,vehicle
Tony Stark / Iron Man,vehicle
Tony Stark / Iron Man,vehicle
Tony Stark / Iron Man,vehicle
Tony Stark / Iron Man,vehicle
Tony Stark / Iron Man,Ivan Vanko
James Rhodes / War Machine,Ivan Vanko
